{
"北京市":[116.941413,30.914612],
"大连市":[114.332067,36.110535],
"上海市":[122.78318,41.012998],
"武汉市":[86.115819,41.442015],
"西安市":[122.356283,45.049816],
"苏州市":[126.565555,42.008858],
"南京市":[104.696496,36.570266],
"廊坊市":[117.060725,33.268681],
"张家口市":[107.826888,34.276695],
"杭州市":[116.045585,39.469883],
"合肥市":[116.642745,39.910921],
"济宁市":[117.754097,36.873054],
"南平市":[82.092733,44.904214],
"秦皇岛市":[116.186774,38.862736],
"天津市":[119.869777,32.032153],
"承德市":[112.981521,25.447951],
"唐山市":[104.573705,30.693962],
"吉林市":[117.513934,40.424076],
"扬州市":[117.595153,30.655169],
"邢台市":[117.951163,32.942288],
"福州市":[121.355909,39.567665],
"淮安市":[124.879655,46.626825],
"南通市":[113.306982,40.193579],
"沧州市":[124.134373,50.427996],
"芜湖市":[116.373228,37.479572],
"温州市":[114.786214,30.535581],
"郑州市":[110.435511,31.177452],
"泉州市":[118.811428,26.193278],
"重庆市":[116.356293,27.989519],
"白城市":[115.603064,33.164495],
"银川市":[102.916502,34.97871],
"常州市":[114.94906,25.852801],
"宁波市":[106.297143,36.024854],
"台州市":[107.087252,30.264985],
"长春市":[126.322601,45.389122],
"嘉兴市":[93.321125,42.499467],
"三明市":[100.912564,36.958117],
"襄阳市":[100.502983,36.585154],
"成都市":[97.351891,37.377635],
"石家庄市":[115.203982,36.735896],
"黄冈市":[119.874106,30.408352],
"青岛市":[117.22302,34.061829],
"盐城市":[114.310764,35.754973],
"保定市":[130.288366,47.328442],
"邯郸市":[127.507295,50.239084],
"厦门市":[115.6775,38.070424],
"恩施市":[112.844516,26.959507],
"湖州市":[119.948183,31.128362],
"南昌市":[119.04972,33.803199],
"绍兴市":[116.721687,33.756311],
"镇江市":[115.424145,31.24325],
"临沂市":[117.988037,30.327542],
"泰州市":[130.982247,45.316082],
"哈尔滨市":[126.525514,43.83499],
"晋中市":[117.065394,36.850464],
"三门峡市":[116.509368,35.713016],
"无锡市":[112.615262,35.0994],
"徐州市":[130.382246,46.823842],
"济南市":[120.858468,30.895837],
"孝感市":[98.297485,39.780037],
"安庆市":[120.286911,31.900014],
"阜阳市":[113.332281,35.26408],
"金华市":[102.172151,38.533476],
"莆田市":[119.464672,29.218972],
"池州市":[121.138053,41.122012],
"宁德市":[112.927487,35.822657],
"平凉市":[112.891954,37.841077],
"太原市":[112.707845,31.025942],
"蚌埠市":[113.250226,30.846557],
"衢州市":[117.498164,29.165944],
"岳阳市":[116.013753,29.724097],
"滁州市":[75.584547,39.284238],
"德州市":[114.310108,34.751126],
"荆州市":[117.565707,36.415263],
"聊城市":[104.120229,35.855092],
"连云港市":[116.544264,39.600856],
"兰州市":[119.279591,28.598742],
"丽水市":[119.124761,34.908071],
"沈阳市":[123.260082,41.403443],
"吴忠市":[125.101135,42.914357],
"宿迁市":[115.708949,36.808785],
"枣庄市":[111.56759,36.095996],
"漳州市":[103.30773,35.975221],
"长治市":[117.987932,35.570368],
"龙岩市":[116.451419,31.856429],
"烟台市":[116.384682,25.238473],
"舟山市":[105.7506,33.75194],
"淄博市":[112.599798,34.779912],
"四平市":[114.077058,33.628722],
"驻马店市":[111.880136,37.354158],
"衡水市":[118.532325,31.495116],
"九江市":[129.47489,44.351231],
"辽源市":[115.872912,28.70085],
"松原市":[105.928852,30.724867],
"潍坊市":[118.840996,32.454164],
"宿州市":[118.562078,28.126381],
"大兴安岭地区":[120.458867,32.549676],
"莱芜市":[112.552011,33.024446],
"漯河市":[121.120966,30.014699],
"上饶市":[120.236259,27.27484],
"忻州市":[113.35641,33.739585],
"新乡市":[107.384202,35.44702],
"泰安市":[113.851144,27.646312],
"白山市":[119.028631,25.428664],
"大同市":[130.934109,45.82453],
"晋城市":[123.992741,47.349291],
"临汾市":[118.903312,39.923907],
"通化市":[120.378289,36.795112],
"营口市":[107.643535,35.737029],
"鄂州市":[118.413035,29.291073],
"南阳市":[118.165992,25.335092],
"平顶山市":[119.385912,35.36723],
"安阳市":[111.958013,34.757194],
"白银市":[117.297384,27.030272],
"郴州市":[118.152213,24.751769],
"黑河市":[115.237489,34.536051],
"衡阳市":[121.239902,31.7417],
"鸡西市":[117.498153,29.196026],
"陇南市":[120.617001,29.972364],
"吕梁市":[123.313996,41.801401],
"商丘市":[110.250472,32.599072],
"渭南市":[114.540604,38.514275],
"乌鲁木齐市":[106.389953,39.028327],
"许昌市":[131.166421,46.657825],
"宜昌市":[112.947601,39.543795],
"鞍山市":[124.360129,43.169679],
"巴音郭楞蒙古自治州":[124.807446,45.127575],
"博尔塔拉蒙古自治州":[120.955965,31.623107],
"抚州市":[126.980363,46.627578],
"赣州市":[113.075787,31.486802],
"济源市":[105.328452,30.616651],
"江阴市":[82.978175,46.748522],
"六安市":[120.995442,29.172632],
"南充市":[112.534285,38.035169],
"双鸭山市":[117.004235,36.208946],
"铜陵市":[119.853565,32.942621],
"中卫市":[117.725534,39.894073],
"鹤壁市":[116.935578,39.453678],
"七台河市":[105.727569,34.587168],
"日照市":[125.939579,41.738968],
"信阳市":[117.9564,30.936301],
"宝鸡市":[89.106793,42.569244],
"大庆市":[122.050906,37.526877],
"广安市":[118.473447,36.677393],
"鹤岗市":[110.071599,34.54673],
"荆门市":[121.148115,28.357655],
"辽阳市":[87.668566,43.959314],
"牡丹江市":[120.231869,31.901858],
"朔州市":[118.397295,31.453066],
"遂宁市":[106.204586,38.046175],
"咸宁市":[87.544036,44.169943],
"伊犁哈萨克自治州":[114.581043,30.674032],
"宜春市":[102.642157,37.928691],
"宜兴市":[108.9081897,34.27624768],
"张掖市":[114.34741,29.89367],
"株洲市":[112.398661,32.199648],
"哈密地区":[113.552989,31.370804],
"海西蒙古族藏族自治州":[113.660535,38.908591],
"佳木斯市":[113.870962,35.324639],
"喀什市":[114.165424,32.263051],
"洛阳市":[114.950308,37.672735],
"马鞍山市":[118.807844,34.143507],
"萍乡市":[116.372203,34.42248],
"绥化市":[116.651654,34.708504],
"塔城市":[113.818091,34.301995],
"威海市":[119.244894,30.530119],
"宣城市":[120.69592,37.994137],
"阳泉市":[119.701295,34.172421],
"运城市":[119.446381,33.099575],
"周口市":[113.63237,37.872068],
"滨州市":[128.83792,47.733001],
"甘南藏族自治州":[81.278579,43.948259],
"固原市":[111.111741,31.085171],
"海南藏族自治州":[114.409166,27.826238],
"淮北市":[119.606337,31.484663],
"黄山市":[116.315705,39.446045],
"金昌市":[122.01611,40.204942],
"锦州市":[113.686519,29.563335],
"开封市":[110.76136,35.643946],
"临夏回族自治州":[117.262717,35.094562],
"庆阳市":[115.682474,40.353074],
"十堰市":[100.495568,38.910818],
"石嘴山市":[117.37851,24.337218],
"随州市":[125.249422,43.804393],
"天水市":[113.079229,28.270254],
"吐鲁番地区":[112.891724,36.844035],
"五家渠市":[119.451785,32.202429],
"武威市":[113.676167,34.877331],
"伊春市":[105.687932,37.497931],
"长沙市":[107.395152,30.2716],
"海北藏族自治州":[121.91129,30.059716],
"嘉峪关市":[114.702277,33.626324],
"焦作市":[113.039614,27.407616],
"景德镇市":[114.027678,33.004136],
"齐齐哈尔市":[118.087648,36.954699]
}
